_id,text,empathy,reason,label,did
116,"Hi Jonathan, I hope this message finds you well. I hear things are going well with the Beta project. That said, Terry mentioned that there were some issues with the reports. From what I understand, they would like them to be more concise and straight to the point, as well as more business focused. I recommend you reach out to Terry so you both could review in detail one of the reports he submits. This should help you help you align to their expectations. Additionally, i'd be happy to review the reports before you send them off to Terry and provide my feedback. I know this  project is important to you, so please let me know how this meeting goes and how else I can help. Regards, William",1,"Yes, the email demonstrates empathy and understanding in several ways:

1. ***Acknowledgement of Effort***: The email begins by acknowledging that ""things are going well with the Beta project,"" which serves to recognize Jonathan's effort and contribution, setting a positive tone.

2. ***Constructive Feedback***: Instead of directly criticizing Jonathan's work, the email mentions feedback from Terry in a manner that suggests improvement (""they would like them to be more concise and straight to the point, as well as more business focused""). This approach focuses on the work itself rather than attributing any shortcomings directly to Jonathan, which can feel less personal and more manageable.

3. ***Offer of Support***: By offering to review the reports before they are sent to Terry and suggesting that Jonathan reach out to Terry for detailed review, the writer provides direct avenues for Jonathan to improve his work. This shows a willingness to assist and guide, rather than just critique.

4. ***Expression of Confidence***: The closing remark, ""I know this project is important to you,"" demonstrates understanding and empathy regarding Jonathan's commitment to the project. It underscores the writer's support and confidence in Jonathan's ability to improve and succeed.

Overall, the email balances the delivery of critical feedback with support and encouragement, which are key aspects of demonstrating empathy.",yes,did
54,"Jonathan, I hope you are well - I am very excited that you are part of this development team and really appreciate all the support you give to us; while doing this some comments have arise that can be  opportunity areas to improve your work and get this program ahead.1. The communication between team members is not clear and improvements can be done to this: by this I mean to connect more with other team members before submitting your reports.2. One of the reasons you were chosen is because of your enthusiastic attitude and knowledge, but too much information sometimes can harm the delivery reports that needs to be concise and business oriented. 3.Please forward me your latest report so we can discuss it furthermore when I come back and see what can be improve and we can work from there.4. Please don't be discourage, these are opportunity areas that we can engage and as always keep up the good work. Have a great week. Thanks",1,"Yes, the email does demonstrate empathy. It begins with positive reinforcement, expressing excitement about having Jonathan on the team and appreciating his contributions, which sets a supportive tone. By framing the feedback as ""opportunity areas,"" the email suggests a growth mindset rather than just pointing out flaws, which can help in maintaining Jonathan's morale. The encouragement to not be discouraged and the closing remark to ""keep up the good work"" further show an understanding and supportive approach towards Jonathan's development.",yes,did
1,"Hi Jonathan, Good to hear you are enjoying the work. I would like to discuss with you feedback on your assignment and the reports you are producing. It is very important to understand the stakeholders who will be reading your report. You may have gathered a lot of good information BUT do not put them all on your reports. The report should state facts and not your opinions. Create reports for the purpose and for the audience. I would also suggest that you reach out to Terry to understand what information is needed on the reports you produce.Having said that, the additional insights you gathered are very important too. Please add them to our knowledge repository and share with the team. It will be a great sharing and learning experience. You are very valuable in your knowledge and I think that it would benefit you and the organization tremendously when you are to channelize your insights and present the facts well. I would encourage you to enroll for the business writing training course. Please choose a date from the learning calendar and let me know. Regards, William",1,"Yes, the email demonstrates empathy by acknowledging Jonathan's enjoyment and value in his work, suggesting constructive ways to improve without direct criticism, and encouraging his development through a business writing course. This approach shows understanding and support for his growth.",yes,did
130,"Jonathan, First I want to thank you for your help with the Beta project.  However,  it has been brought to my attention that perhaps ABC-5 didn't do enough to prepare you for the extra work and I would like to discuss some issues. The nature of these reports requires them to be technical in nature.  Your insights are very valuable and much appreciated but as the old line goes ""please give me just the facts"".  Given the critical nature of the information you are providing I can't stress the importance of concise yet detail factual reports.  I would like to review your reports as a training exercise to help you better meet the team requirements.  Given that there are some major reports coming up in the immediate future, I would like you to review some training options and then present a report for review.  Again your insights are appreciated but we need to make sure we are presenting the end-use with only the information they need to make a sound business decision. I also understand you would like to grow into a leadership position so I would like to discuss how successfully implementing these changes would be beneficial in demonstrating an ability to grow and take on new challenges. ",0,"The email does not fully demonstrate empathy because it focuses more on what Jonathan needs to improve without acknowledging or appreciating his efforts and intentions adequately. It mentions that his insights are valuable but quickly shifts to criticism and the need for him to change his approach, which could feel dismissive. To enhance empathy, the email could better balance constructive feedback with specific positive feedback, clearly acknowledge the challenges Jonathan might have faced, and offer more direct support and encouragement for his development.",no,did not
114,"Hey Jonathan! I've been in touch with Terry, I'm so glad to hear how much you are enjoying the Beta Project, I even hear you are hoping that this experience will further your ambitions toward a Lead Engineer position! However, I understand there has been some issues with your reports that Terry has brought up with you, and I wanted to take a few minutes to discuss them.1) Opinion vs. FactsYour reports contain a lot of insights about what the data means, and at times finding the specific hard facts can be difficult.2) Level of DetailYou include every bit of data that you can into your reports, which can make it difficult to take away the larger picture.I want to encourage you to take these things away for the following reasons:1) your reports are reviewed by everyone in upper management, including the CEO! The opinions you have are great, but when evaluating documents the CEO just needs to highest level, most important items. The nitty-gritty would fall to another department2) as you have a desire to move up and be a Lead Engineer, these kinds of reports will be more and more common. Keeping your thoughts organized and well documented is going to become a very important skill to have.For your next report I would like you to prepare a cover sheet that goes with the report. This cover sheet should be a single page highlighting only the key facts of the report. Your own opinions and analysis can be included, but let those who are interested read it on their own time, the high level facts are key for the meeting they will be presented in. I would also encourage you to make sure the rest of the report has clearly defined headings and topics, so it is easy to find information related to each item. I",1,"Yes, the email demonstrates empathy by acknowledging Jonathan's ambitions and enthusiasm for the Beta Project before addressing the concerns. It uses a positive tone, offers constructive criticism, and includes specific suggestions for improvement, such as preparing a cover sheet and organizing the report with clear headings. This approach shows an understanding of Jonathan's situation and provides guidance without being overly critical, reinforcing the writer's support for his growth and improvement.",yes,did
82,"Hi Jonathan, I would prefer to discuss this matter with you personally or at least on the phone, but with my special assignment and you travelling this unfortunately does not work out. But since it is an important and urgent matter, I am hoping we can resolve it this way.The Project Team and myself really appreciate your contributions to the project and you really fit into the team, but there is one thing I need you to improve to make us even more efficient and successful. It is about your reports' style. Please try to focus purely on facts, not so much on your own conclusions or opinions (you can write these down separately and discuss with me and/or Terry). To make the Reports as clear and understandable to all who read and work with them, they need to contain the plain facts only. Please make sure you consider this for the future. To support you there, I have found a training that will help you get better on this that I suggest you attend after your return. I know you want to pursue your career, so please take my advice - this is really something that will help you to move ahead if you are able to learn and develop additional skills in report writing. Please let me know if you have any questions but for the time being confirm to follow the approach described above.",1,"Yes, the email demonstrated empathy. The writer acknowledges Jonathan's efforts and contributions to the team at the outset, which shows appreciation for his work. The feedback is delivered constructively, focusing on how improving his reporting style can make the project more efficient and aid in his career growth. The offer of training as support shows a willingness to invest in his development. Throughout the message, the tone is respectful and focuses on growth and improvement rather than criticism, which underlines an empathetic approach.",yes,did
161,"Hello, Jonathan....i understand you are pretty excited about the Beta project and all its possibilities. You have a key role in that project and the information you provide is critical for seniors to make decisions.In order for the process to flow more smoothly I need you to focus and limit your report to data and technical information. Recommendations and opinions could be sent to me on a weekely basis. Also, I would like to sit down and coach you on report writing when I am back. That will be a great development for your career. In the meantime, please let me knwo if it would be helpeful to do that with ",1,"Yes, the email demonstrates empathy by acknowledging Jonathan's excitement and the importance of his role in the Beta project, thus showing understanding and appreciation for his efforts. Additionally, the offer to coach Jonathan on report writing and the suggestion to separate recommendations from data in his reports are constructive ways to help him improve without directly criticizing his current performance. The writer's approach is supportive and focused on Jonathan's development, which is empathetic.",yes,did
184,"Hi Jonathan, As you know I've been away on another assignment, but I just got a download from Terry on your performance so far on the Beta project and wanted to connect with you.  The team is happy with your improvement suggestions, genuine enthusiasm for the project, and everyone really likes working with you.  I appreciate your commitment, and I know that travel isn't always easy.  Terry has shared some of your reporting techniques with me. While we appreciate your insights and attention to detail, we are going to need you to shift gears a little to help the team make their deadlines.  It is difficult for the team to easily separate facts from opinions in your reports, and it would be much easier for them to pass on the great information you're sharing if your reports were more concise and organized.I know this change in work habit might be a challenge for you, but it is imperative for the success of the project.  That being said, I've come up with a game plan for getting your reports to where the team needs them to be for success.  Terry has a lot of experience in business writing, and since he is responsible for passing on your reports to customers and our executive leadership team, I've asked him to sit with you for a couple of hours this week to share some of his edits on your previous reports. This is not in any way a negative exercise, and I really believe it will help both you and the team throughout the project.  Please take this opportunity as a learning experience, and reach out to Terry ASAP to schedule the time! Please shoot me a note with your thoughts on this, and let me know if you have any additional ideas on how to further improve the Beta project reporting.  I'm looking forward to hearing from you, and will check in with Terry as well after you two meet. Thanks! William",1,"Yes, the email demonstrates empathy by acknowledging Jonathan's strengths and contributions to the Beta project before addressing areas for improvement. The writer appreciates Jonathan's efforts, recognizes the challenges of travel, and emphasizes that the feedback is intended as a constructive opportunity for growth, not as criticism. By arranging for Terry to provide guidance and framing it as a learning experience, the email conveys understanding and support for Jonathan's development.",yes,did
59,"Hi Jonathan, I have been hearing about some of the great work you're doing on the Beta project, and wanted to touch base with you on how things are progressing, and what more we can do together to help you perform even better than what you are already doing Jonathan, Terry has been happy with your work on this project and even mentioned to me that you have been able to find improvements we didn't know we needed, but as we move ahead, the team has a few concerns they would like us to address - a. Your reports with the technical information have your perspectives on the findings, not the technical information itself - we need to address this topic b. You need to improve your business writing skills in order to take the next leapI know you have been working very hard on this and your performance speaks for it, and I know your ambition to become even better, and in that spirit, let's focus on how you can address the above mentioned issues. You are a great asset, and that's why I need you to commit to a development plan in order for us to ensure you function at the highest level.We need to commit to the following plan of action: a. You start by preparing the technical report only with findings, not your perspectives. We value your insights, and would love to have them, but in a short memo on top of the technical report to summarize. b. We need to coach you by getting you into a business writing course - you're a great technical engineer, but in order to rise up the ladders in business, this is an essential skill that you need to gain. I would like to hear your side of the story: your view on generating insights, what are the things we can help you out withÂ : are there any problems you are having with the team, what extra coaching we can provide, what are your ambitions...",1,"Yes, the email demonstrates empathy by acknowledging Jonathan's hard work and valuable contributions to the Beta project, highlighting positive feedback from Terry, and expressing the desire to support Jonathan's ambition to improve. It offers constructive feedback in a respectful manner and proposes a clear development plan, including specialized coaching and the opportunity for Jonathan to share his own perspective and needs. This approach conveys understanding and a commitment to helping Jonathan succeed, which are key elements of empathy.",yes,did
138,"Hi Jonathan, Thank you for your message. I am glad about your excitment on this assignment that is important to us, and I hear your will to develop into an engenier team leader role which I think is a topic that can be discuss.In order to take you to that role, it is important to work on of your development area that concern the way you report your analysis.You have a great talent to collect data and get new creative ideas, and it is crucial to make you able to be more experienced in business writing to make sure that you adress your conclusions in a sharp and concise way, avoiding too much commentary.I propose you to write down your current reports keeping those 2 objectives in mind: avoid too much commentary and focus on the main data that support your conclusions.I suggest you get inspired from other reports done internally, that will help you understand better the formalism the report should have.Then, let is discuss together the outcome of your report, and I would specially would like to know more about the many application you identify for Beta Technology that may bring new business opportunity. Just a tip, quantify your comments, always.See you soon, and we will have the opportunity to take the time to discuss your development plan based on your capacity to be more straight to the point in your reports.I am sure you will make a difference. Good luck, William",1,"Yes, the email demonstrates empathy and understanding while providing feedback to Jonathan. The writer acknowledges Jonathan's excitement and willingness to develop into a team leader role, indicating a positive attitude towards his career aspirations. The feedback on Jonathan's need to improve business writing is delivered constructively, focusing on development areas without dismissing his efforts. Suggestions for improvement, such as focusing on sharp, concise reporting and getting inspired by internal reports, are provided to guide Jonathan. The writer also expresses a desire to discuss Jonathan's reports and development plan further, showing a genuine interest in his progress. The closing encouragement underscores the belief in Jonathan's potential to make a difference, reinforcing the message of support and confidence in his abilities.",yes,did
17,"Hi Jonathan, How are You doing with the Beta project? It seams You are very exited about the project.There are two topics that I want to point out that I expct to be Your focus on this project.I review the latest report and saw that in addition to a tchnical information that we have agreed to be included in that, there is a lots of commentaries from Your side. It is greeate that You see the opportunities and perspectives on the findings but I ask You to focus on collecting and passing on the technical information according to the agreed template. We can focus on Your ideas separately once the Beta gets to that stage.The second thing I'd like you to focus is the organizing the details in the reports. Please work together with Terry on that. As the deadlines for presenting the reports to CEO are quite challenging, they have lost of hints and tricks how to make the report informative and easy to read. I've have used his experience and competence myself. It is very important that we submit the report on time. Please add me as well to the reciepient list once You send the infotmation to Terry. Good luck!",0,"The email lacks explicit expressions of empathy or understanding towards Jonathan's situation or feelings. While it provides constructive feedback and direction, it does not acknowledge Jonathan's efforts, any challenges he might be facing, or offer support. Adding phrases that recognize his enthusiasm, offer assistance, or express confidence in his ability to improve could help demonstrate more empathy and understanding.",no,did not
88,"Hi Jonathan, I understand you have been quite involved with the Beta Project. Your experience is paying off as you are often finding improvements the product team did not even know they needed.  I wanted to share some feedback I got from one of your colleagues regarding your reports. Your enthusiasm for this project is infectious and I love to see this level of engagement. However, we also want to be mindful of the end users of the reports you are preparing. In these projects, deadlines often move at a fast pace. In order to ensure the project can stay on time, it is important to focus on inputting mainly facts when writing these reports. You offer a unique perspective and your insights are greatly appreciated. I would love to discuss your ideas with you in separate meetings outside of this project. I understand you are having to compile and organize a large amount of information. I appreciate how overwhelming this can feel at times. When these reports are completed, they are reviewed by our CEO and other key stakeholders. To ensure we are respecting their time, we want these reports to by concise and well organized. I would like you to set up some time with Terry to go over his approach to these reports and his writing style. Once I am back from assignment I will set up time to review how this meeting went and discuss other ideas you may have. I greatly appreciate your efforts on this project and positive attitude. With the above mentioned areas of opportunity, I know this project will continue to run smoothly. Thanks.",1,"Yes, this email demonstrates empathy by acknowledging Jonathan's enthusiasm and hard work on the Beta Project and recognizing the challenges he might be facing in compiling and organizing a large amount of information. It offers constructive feedback in a positive way, emphasizing the value of Jonathan's unique perspective and insights. The sender also expresses a desire to support Jonathan through offering guidance (suggesting a meeting with Terry) and by planning to discuss further after returning from assignment. This approach underscores an understanding of Jonathan's situation and a commitment to helping him improve, rather than merely pointing out shortcomings.",yes,did
118,"Good Afternoon Jonathan, I hope you are well and the travelling is not too exhausting. I wanted to touch base with you to see how you are enjoying working with the Beta project team? I have been advised that you are a great contributor and are identifying some great improvements, so well done. I understand you are completing a lot of reports and imagine this is quite time consuming which added to your traveling must be quite overwhelming. I have reviewed some of your reports and whilst they provide all the technical information that is required, they are quite lengthy and i think it would be beneficial for you to have some training on report structures. This would mean you could spend less time on the reports by providing only the main facts needed and perhaps take on more responsibility.  When the reports are reviewed by higher management they need to be able to clearly and quickly identify any issues. Attending some training would also be great to add to your career profile for the future. In the meantime perhaps you could review your reports before submitting to ensure they are clear and consise with only the technical information needed,Let me know your thoughts. Many thanks again and well done for all your hard work. Kind regards William",0,"The email does demonstrate a degree of empathy, but it could be perceived as insufficient for a few reasons:

1. **Sandwiching feedback**: While the email starts and ends on a positive note, creating a ""sandwich"" with the criticism in the middle, it might not spend enough time acknowledging Jonathan's efforts and circumstances in a meaningful way. This could make the positive comments feel like a mere formality.

2. **Lack of Specific Praise**: The email mentions that Jonathan has been ""identifying some great improvements"" but does not go into detail about what these were. Specific praise can significantly boost the sense of empathy because it shows genuine attention and appreciation.

3. **Assumptions about Overwhelm**: While the email mentions the possible overwhelm due to travel and workload, it doesn't acknowledge or inquire about Jonathan's personal experience. A more empathetic approach might have included questions asking how Jonathan is coping or offering support.

4. **Solution Offering Without Dialogue**: The email suggests training as a solution without first seeking Jonathan's perspective on his challenges with report writing. An empathetic approach would typically involve a dialogue, asking Jonathan if he feels he would benefit from such training or if there are other forms of support he might find helpful.

5. **Missed Opportunity for Encouragement**: While the email ends on a positive note, more could have been done to encourage Jonathan and make him feel supported. Phrases like ""I believe in your potential,"" or ""I know you can turn this into an opportunity for growth,"" could have further demonstrated empathy and confidence in his abilities.

In essence, while the email attempts to be empathetic by mixing praise with constructive criticism and suggesting solutions, a deeper display of understanding, specific recognition of efforts, genuinely inquiring about Jonathan's experiences, and stronger encouragements could have enhanced the empathy conveyed.",no,did not
105,"Hi Jonathan. I have been away a long time and unable to have regular discussions with you. As your manager, I feel responsible for your performance and would love to you you grow and perform better. I understand that you are travelling and gaining so much information that it can be overwhelming. But our role is to present only the most relevant and useful information in our report to the Senior management and clients. I have received feedback that they are facing some trouble with the reports and would like some changes. Let us focus on our project specifications and only present the required details. Your detailed insights may be presented at a later stage or as a separate report for evaluation. You may take up a course or training on the subject and I am also there if you need any help. If you are looking forward to a career growth next year, we need this to be a successful assignment.",1,"Yes, the email demonstrates empathy by acknowledging Jonathan's current situation (traveling and dealing with an overload of information), expressing a willingness to support his growth (""would love to see you grow and perform better"" and offering help), and understanding the difficulty in distilling information for reports. The manager also suggests constructive ways to improve, such as taking a course or training, and subtly motivates him by linking his performance to his career growth, all while showing concern for Jonathan's work without being overly critical or punitive.",yes,did
192,"Hi Jonathan, I wanted to have  a discussion with you but since you are travelling i am sharing in this mailThis is related to Beta project and reports coming from there.While we are all excited by the passion and enthusiasm you are bringing i wanted to share some early feedback with you. 1.Please try to be concise in reports and mention facts that teams can refer . We love opinions but lets save those for our brainstorming discussions. 2.For Business writing as you are getting started to help you set up for success we are nominating you for a training program so that your reports are way more effective. I hope as you set on your growth journey and take larger roles a superb feedback from your peers and stakeholders will help. I truly believe above two points can really help you take you there. Wishing you all the best and do share in case you have feedback or inputs from your side. Regards William",0,"The email, while polite and constructive, lacks specific examples of empathy by not explicitly acknowledging Jonathan's efforts or any potential challenges he might have faced. It doesn't express understanding of his situation or make any personal connections that would indicate a deeper level of care or concern. Additionally, it doesn't offer support or ask how the sender can assist Jonathan in his growth or address any difficulties he might be encountering. To demonstrate empathy, the email could include phrases like ""I understand the effort you've been putting in,"" or ""I realize this is a challenging project, and I appreciate your dedication."" Such expressions would create a more empathetic tone.",no,did not
73,"Hi Jonathan, I hope you're having safe travels along your way. I'm reaching out to you because you are a valued employee, and we appreciate your hard work and research. While I understand you are passionate about these projects, it is imperative that you keep your reports concise, seeing as we are all continuously on a time crunch. Because these reports are not written as efficiently as possible, it is taking too much of our time to read and determine which bit of information is most valuable. I need you to shift the way you are writing these reports so that way we can maximize our work flow processes. We love having you on our team, but if you can not make these necessary changes, we may have to relocate your skill set to a different department. However, I am positive you can make these minor changes in the way you create your reports. Please research the formal way to write reports so that way you no longer add too much information. These reports should have less opinions, and more facts. I will also send some material for you to review on how to keep these reports business friendly. I love your passion and your drive, I am hoping we can continue to have you on this project. A few minor changes will be all it takes to get the ball rolling in the right direction! If you have any concerns, feel free to reach out to me and I will be more than happy to assist. Thank you, William",1,"Yes, the email demonstrates empathy by acknowledging Jonathan's passion and hard work, indicating an understanding of his efforts and dedication to the project. The writer approaches the feedback with a constructive tone, expressing hope and confidence that Jonathan can make the necessary changes, rather than just critiquing his work. Additionally, the offer to provide resources and assistance for improvement shows a supportive attitude, emphasizing the writer's desire to see Jonathan succeed and continue being part of the team.",yes,did
29,"Hello Jonathan, I hope you day is going well. The purpose of this msg is to improve your communication regarding your work on the Beta Project. You are important which is why we need to make sure that your thoughts and Ideas are clearly communicated with helpful factual info. I want to get your thoughts on how you best communicate and your thoughts on how to communicate more concisely. Please come up with 2-3 suggestions as will I and lets set up a time within the next 48 hours that you and I can build a plan that will help ensure your great work is being understood for the success of Beta. I am confident that we will develop a plan that continues allow your work to help the program. Please meg me what time works best for you when you end your travel. Best, William",0,"The email attempts to convey empathy by acknowledging Jonathan's importance to the project and expressing a desire to support his success. However, it falls short in fully demonstrating empathy primarily because it lacks specific positive feedback on Jonathan's efforts or contributions. It jumps straight to addressing the need for improvement without acknowledging any of Jonathan's successes or efforts, which can make the message feel more critical than supportive. Additionally, by not mentioning any specific instances where Jonathan did well or recognizing the challenges he might have faced, the email misses an opportunity to show understanding and compassion for Jonathan's situation. Incorporating specific, positive feedback and acknowledging challenges could have made the email feel more empathetic and balanced.",no,did not
139,"Hello Jonathan, I hope you are doing well. As I am only in office today and you are on a travel, I am contacting you via Mail.I became a feedback from people related to your reports in the Beta project that I want to discuss with you. In general, the team is happy about your skills in contribution and espacially your way to identify improvements they may would have not seen. At first, your technical reports contain too much commentary that are not neccessary and make the report too long. Your ideas and thoughts about the technical solution are important, but you should only note them down separatly to discuss those with the project team, not to write them in the reports.Second is that your technical writing level is not on the level it is required to be. to presennt this to customer or our CEO. This requires that the colleagues are correcting your work  what leads due to the high pressure to delays, which is embarassingfor the colleagues who commited end dates.It might be that you will be removed out of the project team Beta because of this. This is not to blame you, we just need to be more efficient in this urgent stage to provide the reports.As I know you are an ambitious employee and you want to do the best. I am also sure you want to be developped in a way that you are getting a lead engineer.  To achieve this target, we need to work on your skills in writing technical reports to only note down the required information. Your technical skiills are already on the required level. In addition, the usiness writing is a topic that we can work on.At first we can agree that you send me each chapter that you finalized so that I can have a review before submitting all to Terry. In addition, we need to check for courses to strengthen you rskills in writing reports as I also want to continue working with you. I see a high potential, we need to sit together to develop you in right directions.I wish you a save travel back. If you have any questions or concerns you can always write or call me. Best Regards, William",0,"The email does convey some level of understanding and offers support towards the end, but it falls short in demonstrating empathy effectively due to several reasons:

1. **Direct and Harsh Feedback without Softening Language**: The feedback is direct and can come across as harsh without using softening language that could have helped cushion the impact. Phrases that may sound critical, like ""your technical writing level is not on the level it is required to be,"" can be demoralizing without the balance of more personalized, empathetic language.

2. **Lack of Specific Praise**: While it mentions that the team appreciates Jonathan's skills and ability to identify improvements, it lacks specific examples of what he has done well. Specific praise can help soften the blow of the criticism.

3. **Potential Removal from the Project**: Mentioning that Jonathan might be removed from the project team can induce anxiety and doesn't necessarily encourage improvement. While it's important to communicate potential consequences, framing it in a way that focuses on the desire for his improvement and continued contribution could have been more empathetic.

4. **Improvement Suggestions at the End**: Suggestions for improvement and offers of support come after the criticisms have been laid out, which could lead to the recipient feeling overwhelmed or discouraged before reaching the more supportive suggestions.

5. **Personal Connection and Understanding**: The email could have benefited from more personal understanding and connection, acknowledging Jonathan's efforts and expressing confidence in his ability to improve with given support. A more empathetic approach would involve acknowledging any difficulties he may be facing, especially considering his travel, and offering more immediate reassurance of his valued place in the team.

To enhance empathy, the email could have included more positive reinforcement, a more careful choice of words to soften the feedback, and an early introduction of support and confidence in Jonathan's potential improvement.",no,did not
151,"Hi Jonathan, First off i'd like to say i'm very pleased to see your enthusiasm towards your work with ABC-5, I appreciate your commitment to doing your best work for the company.I would like to offer some insight into your work that should assist you in achieving your goals. We all need to be continually improving to move forward and I believe I can provide you with some assistance in this area.In regards to your report writing, i'd like to to understand that although your reports cover a lot of good information, we need to keep in mind the target audience and the key objectives of the information. The people that read these need to be able to digest the critical points and understand the facts, so try to find the best way to make the information concise and strictly factual.In addition to this, reports are much more useful when the structure or flow of the report is orderly, it asissts the reader in understanding the information within and allows them to make informed decisions based on your data. It may be a good idea to ask your manager for training opportunities for report writing to develop your skills even further, and be sure to reguarly check in with your manager to make sure your work is aligned with the objectives of the team.I hope these points help you in your job. Please keep up the great work! Thank you!",0,"The email does convey a degree of empathy through phrases like ""I'm very pleased to see your enthusiasm"" and ""I appreciate your commitment,"" recognizing Jonathan's positive attributes and indicating an understanding of his efforts. However, the empathy could be strengthened by:

1. Acknowledging the challenges Jonathan may have faced in the project, showing an understanding that certain tasks can be difficult and that mistakes are part of the learning process.
2. Offering more specific encouragement and highlighting specific aspects of his work that were good, to boost his confidence.
3. Including more supportive language or offers of assistance, such as offering to review his next report before submission or suggesting a mentor who could give him additional guidance.
4. Using more ""we"" language to emphasize teamwork and reduce any feeling of isolation, e.g., ""We all need to improve and I'm here to support you in that journey.""

While the email does aim to be constructive, incorporating these elements could enhance the sense of empathy and understanding, making Jonathan feel more supported and less criticized.",no,did not
146,"Hi Jonathan, Great to hear from you. Appreciate your effort and hardwork making the project a success.As to make it a smoother path forward for the upcoming presentation/reporting, there are a few pointers which need your attention to work on.1) Focus on key data with supportive evidence2) Concise the reports to needed formatIt will be great if you are able to keep me in the loop for the next report so I can have a better understanding of the progress and the details of the project.Appreciate and looking forward for your latest report updates William",0,"The email primarily fails to demonstrate empathy because it lacks personal connection and acknowledgment of Jonathan's efforts or feelings. While it opens with a general appreciation for Jonathan's hard work, it quickly moves to critique without providing specific encouragement or acknowledging the challenges Jonathan might have faced. Empathy requires showing understanding and shared feeling, which could have been demonstrated by mentioning specific aspects of Jonathan's work that were successful, acknowledging the difficulties of the project, or offering support for the improvements suggested. Additionally, offering help or a willingness to discuss the feedback further could have strengthened the empathetic tone.",no,did not
121,"Jonathan - I want to touch base with you to bring you up to speed on a few things have been brought to my attention surrounding your support of the Beta project. You travels must be exhausting and I appreciate your commitment to our work. While your reports are detailed, the Engineers are finding that they are not technical enough and contain too many opinions. Please be concise in your reports and consider the audience as you are preparing them. Too many details make reading them cumbersome and the reports you are sending need to be edited for clarity. This is causing unecessary downstream work and does not reflect well on your performance. Perhaps we can discuss and plan for your attendance at a technical writing seminar in the near future. Please let me know if you need support in finding technical writing improvement courses or if you can correct on your own now that you are aware this has been highlighted.  Please cc me on your next report so I can review. William",1,"Yes, the email demonstrates empathy primarily through acknowledging Jonathan's effort and commitment despite the challenges, as seen in phrases like ""Your travels must be exhausting and I appreciate your commitment to our work."" This shows understanding and appreciation for Jonathan's situation. Additionally, the offer to assist in finding technical writing improvement courses showcases a willingness to support Jonathan's growth and improvement, rather than merely critiquing his current performance.",yes,did
176,"Hi Jonathan, I would like to bring to your attention that your report writing should be improved. Your contribution and fact gathering are highly appreciated. However, when you compose the ideas into reports, it will be more productive to the team if you could separate the facts from your opinions. Your reports influence some very critical decisions at ABC-5. So a well written report will benefit many people including having higher visibility to high-ranking managers. Please clarify with Terry on report format that is most useful for him. Please keep the promised deadline. Terry needs your report so that he can compose the project report for the higher managers. Please keep the promised deadline.Please refrain from adding opinions in the report and mixing with facts. If needed, you can add a summary or conclusion as your insight.Can I have your words that you will write a good report? Please CC me in your report to Terry in the next 4 weeks. Let me know if you have any questions or concerns. Regards, William",0,"The email lacks empathy primarily because it focuses on what Jonathan needs to correct but does not acknowledge his efforts or the challenges he might have faced adequately. While it briefly mentions appreciation for his contributions, it quickly moves to critique without offering support or understanding. There are no statements expressing an understanding of potential difficulties Jonathan might have faced nor offers of assistance or resources to help him improve. Additionally, it could have included phrases that convey empathy more overtly, such as acknowledging the hard work Jonathan has put into the project despite the feedback or offering specific support to help him meet the expectations mentioned.",no,did not
136,"Hi Jonathan, I just happened to know that you are gathering information for our Beta project. While your work is really nice insight and improvement ideas, I feel the need to talk to you about what more can be done with your reports I have received comments from our team that more time is needed to spent on extracting information from your reports. Our team member are looking for technical information and redundant comments takes them time to extract the fact and sometime confusing. Another thing is that can help us is to organize the report in a more clear, concise way. We are showing the reports to our prospect and even the CEO, so we need it to be well structured, concise and to the point. I am sure if youspend more time to organize your report, you will be able to address this problem. I know you are an enthusiastic contributor and you have done a good work until now, but we need your reports to be improved for our project team to success. I am afraid if the situationis notgetting better we will have to look for someone else towork on this project.Please spend more effort to organize your next report and I really look forward to your good news",1,"The email demonstrates empathy by acknowledging Jonathan's current efforts and contributions (""While your work is really nice insight and improvement ideas"", ""I know you are an enthusiastic contributor and you have done a good work until now""). It also offers constructive feedback in a supportive manner, emphasizing the belief in Jonathan's potential to address the issues (""I am sure if you spend more time to organize your report, you will be able to address this problem""). This approach balances the need for improvement with recognition of Jonathan's value to the team, signaling an understanding of his situation and a willingness to help him succeed.",yes,did
13,"Dear Jonathan, I am writing to find out how things are going on the Beta project. I understand that you are enjoying the role and finding new applications.I have had some feedback from Terry confirming that you are doing well but there are some improvement points that I would like to discuss with you. It has been noted that your contributions are providing real value and they enjoy working with you, however, some of this value is spoiled by a conversational tone and being a bit verbose. In business correspondence it is essential that the facts are clear, concise and distinguishable from opinion, otherwise the message may be lost (regardless of how good it is).There are a number of significant reports required in the coming weeks. Please could you ensure that you confirm with Terry the exact detail and format required for specific reports and communication. He should be able to provide templates and guidance to ensure that his requirements are met. I would also recommend that you undertake a report-writing course, which should help you to ensure that you convey your great ideas in the best possible way.I am keen to support you to ensure the success of the project and your professional development. When I return in 2 weeks I would like to have a conference call with you and Terry to better understand how we can help you going forward.  Please could you respond to confirm that you have received this email. Regards, William",0,"The email, while polite and constructive, lacks specific praise for Jonathan's efforts and contributions, opting instead for generalized feedback. It could demonstrate more empathy by acknowledging the hard work and dedication Jonathan has put into the project and by using more supportive language to make it clear that the feedback is aimed at helping him grow. Additionally, offering direct help or resources, rather than suggesting he take a course, could also convey a greater level of understanding and support.",no,did not
92,"Good Morning Jonathan, I wanted to check in with you. I appreciate you taking the time to send Terry a message about your upcoming report and I do love that you are enthusiastic about the project. You may not be aware but the Beta project reports are submitted to senior level management. These managers receive many reports and are super busy so they require us to provide data concisely as well as factually. For the report you are sending to Terry, I am requesting that you provide the most important info in 2 bullets and then have your amplifying information as well as additional thoughts noted as such,(e.g., What I found out. What I think it means. My thoughts). This way when we are pressed for space in the report we can easily find the information.In addition, I am requesting that you and Terry set up a video chat for 30 min to review the report together. Terry will provide guidance as to what he sees other reports look like and you can provide your most imprortant info to him so he can highlight it without having to guess. We will also be providing a template for future reports in the coming weeks. Look forward to having you back soon, William",1,"Yes, the email demonstrated empathy in several ways. Firstly, it begins with a positive note by appreciating Jonathan for his enthusiasm and effort in communicating with Terry, which acknowledges his dedication to the project. Secondly, the feedback is provided constructively, focusing on how Jonathan can improve his reporting by being more concise and structured, indicating an understanding of the importance of his role without directly criticizing his performance. Furthermore, the suggestion to set up a video chat with Terry for guidance offers a supportive approach to help him improve, rather than leaving him to figure it out on his own. Lastly, the closing remark looks forward to having Jonathan back, showing confidence in his ability to adapt and improve, thereby maintaining a positive and encouraging tone throughout the email.",yes,did
86,"Hi Jonathan, I hope you are doing well. Unfortunately I won't be able to talk to you personally but as soon as I am back I would like to spend some time with you. I know you are working on Beta project and your involvement is highly appreciatedÂ , you even identified improvements the team didn't identify, that's great!  This Beta project is key for the company, we need to success all together. In that respect, key priorities are to build concise reports and with strong business writing. Terry has been within the company for 5 years and is the best one to be consulted to upskill in these areas. Could you please liaise with him and get more quick wins from him. It will be very impactful in your career. We will discuss once I'm back about this sharing experience. I'm sure you will find a lot of benefits. Regards William",1,"Yes, the email demonstrates empathy by acknowledging Jonathan's efforts and contributions to the Beta project positively before pointing out areas for improvement. It offers constructive feedback and a concrete plan for skill enhancement by suggesting he liaise with Terry, an experienced team member, for guidance. The sender also expresses a desire to discuss the experience further upon their return, reinforcing support and a personal interest in Jonathan's development. This approach balances critique with encouragement and a clear path for advancement, making the feedback feel more supportive than critical.",yes,did
159,"Hi Jonathan, Thank you for your message. I am glad you are excited to be working on the Beta project. Terry has told me you are contributing very well to the team and you are finding improvements we didn't know we needed. I would like to discuss your reports, you are very passionate about providing an extensive amount of information which is helpful to the project. However, if this information is not provided in a concise format it can be very difficult for others to glean it from your reports. Could we work on a format for your reports where we can have concise factual information while including the other critical information you are finding? I would like to work with you on finding a format that will do this. You might want to approach Terry and ask him for some suggestions. Once you have had the chance to develop the format, yourself, Terry and I can meet to discuss how well this will work going forward.These reports are viewed by many people in the organization, so it is important that we are submitting them in a format that is easy to read and permits our executive staff to make effective decisions.  Thank you for your efforts on this project Jonathan, I look forward to meeting with you to discuss this further.  William",1,"Yes, the email demonstrates empathy by acknowledging Jonathan's enthusiasm and contributions to the Beta project positively, emphasizing his valuable findings and encouraging his continued input. It gently addresses the issue with his reports in a constructive manner, suggesting collaboration to improve without criticism, and showing an understanding of his intentions. This approach ensures Jonathan feels valued and supported, rather than reprimanded, fostering a positive environment for improvement.",yes,did
153,"Hi Jonathan, I am glad to hear that you are enjoying your job,  traveling and learning more about the Beta ray technology. I wanted to share some feedback with you that I received. I want to help you be able to advance in your career and I feel that this feedback will be helpful. I am excited that you are will to share your perspectives on the findings, however if you could focus on the data portion first, and highlight the main points, that would be really beneficial to your audience. By being more concise it will allow the potential customers and then CEO to focus on the facts of the report, which will allow them to make a decision for themselves. I understand that this is probably a newer to writing the reports, and I don't think that anyone has shown you an example of how the reports are usually written, so I have sent you some examples for you to review. I think that you are doing a good job learning and with this little tweak in the report writing you will be able to advance in your career. In order to help you, if you don't mind, I would like to review the report before you submit it and then we can work together to ensure it will be a great report. I understand that you really enjoy providing your perspectives on the technology and recommendations on how it can be used, so we will find a spot for that in the report as well, but perhaps in a different section. Thank you so much for your time today and I look forward to working with you. ",0,"The email indeed demonstrates empathy and understanding toward Jonathan's situation. It acknowledges Jonathan's enjoyment and interest in his job and the technology he is working with, which is an empathetic approach to start. The writer also acknowledges Jonathan's potential lack of experience with report writing and offers constructive feedback in a supportive way by providing examples for Jonathan to review, showing an understanding of where Jonathan may need assistance. Additionally, the offer to review Jonathan's report before submission indicates a willingness to help Jonathan improve and succeed, rather than just critiquing his work. By making suggestions on how to structure the report and offering to include Jonathan's perspectives in a dedicated section, the writer is considerate of Jonathan's contributions and shows a desire to help him grow in his career while maintaining the integrity of the reports. Overall, the language and tone of the email are positive and supportive, aimed at helping Jonathan improve without discouraging him, which is reflective of an empathetic communication.",no,did not
174,"Hello Jonathan, Thank you for your work on the Beta project.  I would like for us to set up a meeting to discuss your work on the project.  You have completed a few reports now and I have had some feedback I would like to share with you; specifically the commentary you are providing and your business writing.  The additional commentary you are providing makes it difficult to find the objective facts of your findings while working with a tight deadline.  I would like to have a discussion with you what ideas you may have to help make your reports more concise so the team can meet their deadlines. You are investing considerable time and effort in these reports and you have expressed your desire to be in an engineering role in the future. Your work on these reports can certainly help you in achieving your career goals.  I want to make sure you are successful. I'll send out a meeting invite shortly. Thank you again Jonathan for all your work on this project.  I'm looking forward to discussing this with you.",0,"The email, while polite and forward-looking, lacks explicit expressions of empathy or understanding of Jonathan's situation or intentions behind his actions. It points out what needs to be improved without acknowledging the effort or reasoning behind Jonathan's approach, which could be perceived as overlooks of his efforts and challenges. To convey empathy more effectively, the email could include statements that recognize and validate Jonathan's efforts or intentions, express understanding for any challenges he may have faced, and offer support or resources to help him improve, making it clear that his growth and success are a priority.",no,did not
28,"Hi Jonathan, and I hope your travels are going well. As soon as you get a chance, I would like to catch up on the reports you are creating for the Beta projects.  Your contributions have been fantastic, but we need to limit the commentary and make them more concise.  I would love to get your perspective and show you an example as well.  Our goal is to continue to make you better at what you do and to deliver an excellent customer experience.  Looking forward to tackling this together and to your dedication to being great at what you do. Safe travels and I look forward to your call.",0,"The email focused on constructive feedback and improvement but lacked explicit expressions of understanding or empathy towards Jonathanâs situation or efforts. It didn't acknowledge the challenges he might have faced or appreciate the effort he has put into his work, despite not meeting expectations. Incorporating phrases that directly acknowledge his hard work, any potential challenges, or expressing understanding for any obstacles he might have encountered would enhance the demonstration of empathy.",no,did not
